Names;Country;room_type;nuitee;reservation_date;traveler_infos;date_review;review_title;grade_review;positive_review;negative_review;usefulness_review;UniqueID;hotel
Delphine;France;Chambre Standard Cars - C√¥t√© Rivi√®re;1;Janvier 2023;Famille;Commentaire envoy√© le 2 janvier 2023;Agr√©able;6,0;"La decoration de la salle de bain
Le confort de la literie
La navette gratuite au parc
Le parking donnant la vue sur le feu d'artifice de disney land !!! (a minuit le 31 d√©cembre !!)
L'amabilit√© du personnel.
La propret√© de la chambre.";"L'aspect ""mis√©rable"" de la reception : il fallait avoir beaucoup d'imagination pour se dire qu'on etait dans un hotel disney qui plus est, en periode de noel ! Je comprends qu'il ne s'agit que d'un 2 etoiles, mais quand m√™me...m√™me l'entr√©e d'un supermarch√© donne plus envie... heureusement l'√©quipe de la r√©ception essaie de remonter la barre. Les petits fans de cars pourraient etre d√©√ßus.
Les parties communes (couloirs) font vieillotes sans reference a Cars. La chambre reste correcte mais en √©t√© j'ignore si il y a la clim car on n'a vu q'un ventilateur au plafond. Nous c'√©tait l'hiver donc pas de probl√®mes. 
L'eclairage au seul miroir est TROP √©blouissant (9 ampoules plein feu üòÇ) mais c'est vraiment un d√©tail.
Un trou √©norme dans la serviette de bain (on pouvait y passer un oeuf !) 
Pour le prix, plus de 400 ‚Ç¨ sans petit dej, nous avons regrett√© de ne pas avoir r√©serv√© pour le m√™me prix un hotel hors disney, la magie de cet hotel n'est pas au RDV.";0;DelphineFranceChambre Standard Cars - C√¥t√© Rivi√®reJanvier 2023FamilleCommentaire envoy√© le 2 janvier 2023Agr√©able;Santa_Fe
Eirini;Gr√®ce;Chambre Standard Cars - C√¥t√© Rivi√®re;1;Janvier 2023;Famille;Commentaire envoy√© le 1 janvier 2023;D√©cevant;4,0;;;0;EiriniGr√®ceChambre Standard Cars - C√¥t√© Rivi√®reJanvier 2023FamilleCommentaire envoy√© le 1 janvier 2023D√©cevant;Santa_Fe
Marion;France;Chambre Standard Cars - Proche Commodit√©s;1;Janvier 2023;Famille;Commentaire envoy√© le 1 janvier 2023;Chambre simple. Personnel tr√®s agr√©able;6,0;;;0;MarionFranceChambre Standard Cars - Proche Commodit√©sJanvier 2023FamilleCommentaire envoy√© le 1 janvier 2023Chambre simple. Personnel tr√®s agr√©able;Santa_Fe
C√©dric;France;Chambre Standard Cars - C√¥t√© Rivi√®re;1;Janvier 2023;Famille;Commentaire envoy√© le 1 janvier 2023;Passable;5,0;;;0;C√©dricFranceChambre Standard Cars - C√¥t√© Rivi√®reJanvier 2023FamilleCommentaire envoy√© le 1 janvier 2023Passable;Santa_Fe
Anonyme;France;;1;Novembre 2022;Groupe;Commentaire envoy√© le 1 janvier 2023;Fabuleux ;9,0;;;0;AnonymeFrancenanNovembre 2022GroupeCommentaire envoy√© le 1 janvier 2023Fabuleux ;Santa_Fe
Alexandra;France;Chambre Standard Cars;1;D√©cembre 2022;Famille;Commentaire envoy√© le 1 janvier 2023;Tr√®s bien;8,0;Emplacement, le personnel √† l'√©coute restaurant proche;Literie inconfortable;0;AlexandraFranceChambre Standard CarsD√©cembre 2022FamilleCommentaire envoy√© le 1 janvier 2023Tr√®s bien;Santa_Fe
Laurent;Luxembourg;Chambre Standard Cars;2;D√©cembre 2022;Famille;Commentaire envoy√© le 1 janvier 2023;Tr√®s bien;8,0;;;0;LaurentLuxembourgChambre Standard CarsD√©cembre 2022FamilleCommentaire envoy√© le 1 janvier 2023Tr√®s bien;Santa_Fe
Chantel;Royaume-Uni;Chambre Standard Cars;2;Octobre 2022;Groupe;Commentaire envoy√© le 31 d√©cembre 2022;Exceptionnel;10;;;0;ChantelRoyaume-UniChambre Standard CarsOctobre 2022GroupeCommentaire envoy√© le 31 d√©cembre 2022Exceptionnel;Santa_Fe
Stephanie;Suisse;Chambre Standard Cars;1;D√©cembre 2022;Famille;Commentaire envoy√© le 31 d√©cembre 2022;Nul. J‚Äôavais h√¢te de partir.;1,0;Rien;"La chambre √©tait gel√©e √† notre arriv√©e . 
Nous avons appel√© la r√©ception et nous avons d√ª nous meme √©tudier le chauffage pour monter la temp√©rature.
Le lavabo de la salle de bains fuyait et √©videmment pas assez de linges pour 4.
Les roulota de papier toilettes √† moiti√© finis c‚Äôest d√©gueulasse !
Bref devoir marcher dehors dans des petits chemins boueux pour arriver dans une chambre aussi pourri et tout √ßa pour plus 500 EUR la nuit c‚Äôest du vol !!!
Une honte que cet h√¥tel fasse parti de la marque Disney. Je pense ils seraient pas tr√®s fiers √† Disney World. Jamais je recommenderai cet h√¥tel , bien s√ªr contraire. C‚Äôest du Grand n‚Äôimporte quoi tout sauf du service, et du confort , les deux principales raisons d‚Äô√™tre de l‚Äôh√¥tellerie.";0;StephanieSuisseChambre Standard CarsD√©cembre 2022FamilleCommentaire envoy√© le 31 d√©cembre 2022Nul. J‚Äôavais h√¢te de partir.;Santa_Fe
Julien;France;Chambre Standard Cars - C√¥t√© Rivi√®re;1;D√©cembre 2022;Famille;Commentaire envoy√© le 30 d√©cembre 2022;Tr√®s court, mais un tr√®s bon moment;9,0;Le propret√© des lieux, de la chambre, le personnel tr√®s serviable et souriant;Nous sommes arriv√©s tardivement et partis t√¥t le lendemain, donc peu d'√©l√©ment pour une critique n√©gative;0;JulienFranceChambre Standard Cars - C√¥t√© Rivi√®reD√©cembre 2022FamilleCommentaire envoy√© le 30 d√©cembre 2022Tr√®s court, mais un tr√®s bon moment;Santa_Fe
Barbara;Belgique;Chambre Standard Cars;2;D√©cembre 2022;Famille;Commentaire envoy√© le 30 d√©cembre 2022;Aangenaam verblijf;9,0;;;0;BarbaraBelgiqueChambre Standard CarsD√©cembre 2022FamilleCommentaire envoy√© le 30 d√©cembre 2022Aangenaam verblijf;Santa_Fe
Luca;Italie;Chambre Standard Cars - C√¥t√© Rivi√®re;1;Octobre 2022;Couple;Commentaire envoy√© le 30 d√©cembre 2022;Agr√©able;6,0;;;0;LucaItalieChambre Standard Cars - C√¥t√© Rivi√®reOctobre 2022CoupleCommentaire envoy√© le 30 d√©cembre 2022Agr√©able;Santa_Fe
Gills;Br√©sil;Chambre Standard Cars - C√¥t√© Rivi√®re;2;D√©cembre 2022;Famille;Commentaire envoy√© le 29 d√©cembre 2022;Bien ;7,0;;;0;GillsBr√©silChambre Standard Cars - C√¥t√© Rivi√®reD√©cembre 2022FamilleCommentaire envoy√© le 29 d√©cembre 2022Bien ;Santa_Fe
Andrea;Italie;Chambre Standard Cars - C√¥t√© Rivi√®re;3;D√©cembre 2022;Famille;Commentaire envoy√© le 28 d√©cembre 2022;Tr√®s bien;8,0;;;0;AndreaItalieChambre Standard Cars - C√¥t√© Rivi√®reD√©cembre 2022FamilleCommentaire envoy√© le 28 d√©cembre 2022Tr√®s bien;Santa_Fe
Robert;Pays-Bas;Chambre Standard Cars;2;D√©cembre 2022;Groupe;Commentaire envoy√© le 27 d√©cembre 2022;Fabuleux ;9,0;;;0;RobertPays-BasChambre Standard CarsD√©cembre 2022GroupeCommentaire envoy√© le 27 d√©cembre 2022Fabuleux ;Santa_Fe
C√©dric;France;Chambre Standard Cars;1;D√©cembre 2022;Famille;Commentaire envoy√© le 26 d√©cembre 2022;Exceptionnel;10;;;0;C√©dricFranceChambre Standard CarsD√©cembre 2022FamilleCommentaire envoy√© le 26 d√©cembre 2022Exceptionnel;Santa_Fe
Anonyme;Royaume-Uni;;1;D√©cembre 2022;Famille;Commentaire envoy√© le 25 d√©cembre 2022;amazing stay staff welcoming and accommodating;8,0;;;0;AnonymeRoyaume-UninanD√©cembre 2022FamilleCommentaire envoy√© le 25 d√©cembre 2022amazing stay staff welcoming and accommodating;Santa_Fe
Adrianna;France;Chambre Standard Cars;1;Novembre 2022;Couple;Commentaire envoy√© le 24 d√©cembre 2022;Agr√©able;6,0;;;0;AdriannaFranceChambre Standard CarsNovembre 2022CoupleCommentaire envoy√© le 24 d√©cembre 2022Agr√©able;Santa_Fe
Johanie;Belgique;Chambre Standard Cars;2;D√©cembre 2022;Couple;Commentaire envoy√© le 23 d√©cembre 2022;S√©jour agr√©able ambiance no√´l;8,0;"L'accueil chaleureux, la propret√©, le confort de la literie, la proximit√© aux parcs, les d√©corations de No√´l
Nous y reviendrons encore et encore comme souvent";"Mauvaise insonorisation entre les chambres, petit d√©jeuner tr√®s cher 
Nous avions fait une demande pour nos 1an mais nous n'avions rien eu";0;JohanieBelgiqueChambre Standard CarsD√©cembre 2022CoupleCommentaire envoy√© le 23 d√©cembre 2022S√©jour agr√©able ambiance no√´l;Santa_Fe
Fauchet;France;Chambre Standard Cars;1;D√©cembre 2022;Famille;Commentaire envoy√© le 23 d√©cembre 2022;Bien ;7,0;;;0;FauchetFranceChambre Standard CarsD√©cembre 2022FamilleCommentaire envoy√© le 23 d√©cembre 2022Bien ;Santa_Fe
