names;country;room_type;nuitee;reservation_date;traveler_infos;date_review;review_title;grade_review;positive_review;negative_review;usefulness_review;uniqueid;hotel
Amna;√âmirats arabes unis;Chambre Sup√©rieure;3;Janvier 2023;Groupe;Commentaire envoy√© le 19 janvier 2023;Tr√®s bien;8,0;;;0;Amna√âmirats arabes unisChambre Sup√©rieureJanvier 2023GroupeCommentaire envoy√© le 19 janvier 2023Tr√®s bien;Newport_Bay_Club
Carole;France;Chambre Sup√©rieure;2;Janvier 2023;Voyageur individuel;Commentaire envoy√© le 19 janvier 2023;La magie m√™me en dehors des parcs!;10;Le cadre √©tait superbe, le personnel tr√®s agr√©able et la chambre tr√®s confortable;;0;CaroleFranceChambre Sup√©rieureJanvier 2023Voyageur individuelCommentaire envoy√© le 19 janvier 2023La magie m√™me en dehors des parcs!;Newport_Bay_Club
Emab;Italie;Chambre Sup√©rieure;1;Janvier 2023;Couple;Commentaire envoy√© le 19 janvier 2023;Eccellente!;10;;;0;EmabItalieChambre Sup√©rieureJanvier 2023CoupleCommentaire envoy√© le 19 janvier 2023Eccellente!;Newport_Bay_Club
Virginie;France;Chambre Sup√©rieure;1;Janvier 2023;Couple;Commentaire envoy√© le 19 janvier 2023;Exceptionnel;10;Super !;Rien;0;VirginieFranceChambre Sup√©rieureJanvier 2023CoupleCommentaire envoy√© le 19 janvier 2023Exceptionnel;Newport_Bay_Club
Tim;Allemagne;Chambre Sup√©rieure;3;Janvier 2023;Couple;Commentaire envoy√© le 18 janvier 2023;es war ein netter Aufenthalt f√ºr die drei √úbernachtungen, die wir vor Ort hatten, besser, als wenn wir ein ausw√§rtiges H;7,0;;;0;TimAllemagneChambre Sup√©rieureJanvier 2023CoupleCommentaire envoy√© le 18 janvier 2023es war ein netter Aufenthalt f√ºr die drei √úbernachtungen, die wir vor Ort hatten, besser, als wenn wir ein ausw√§rtiges H;Newport_Bay_Club
Ilana;France;Chambre Sup√©rieure;1;Janvier 2023;Couple;Commentaire envoy√© le 18 janvier 2023;Fabuleux ;9,0;tout;rien;0;IlanaFranceChambre Sup√©rieureJanvier 2023CoupleCommentaire envoy√© le 18 janvier 2023Fabuleux ;Newport_Bay_Club
David;Royaume-Uni;Chambre Sup√©rieure;1;Janvier 2023;Famille;Commentaire envoy√© le 18 janvier 2023;Bien ;7,0;;;0;DavidRoyaume-UniChambre Sup√©rieureJanvier 2023FamilleCommentaire envoy√© le 18 janvier 2023Bien ;Newport_Bay_Club
Adriana;Br√©sil;Chambre Sup√©rieure;2;Janvier 2023;Famille;Commentaire envoy√© le 17 janvier 2023;Exceptionnel;10;;;0;AdrianaBr√©silChambre Sup√©rieureJanvier 2023FamilleCommentaire envoy√© le 17 janvier 2023Exceptionnel;Newport_Bay_Club
Vicky;Belgique;Chambre Sup√©rieure;2;Janvier 2023;Couple;Commentaire envoy√© le 17 janvier 2023;Sympa;8,0;Proche des parcs, possible de s'y rendre a pieds sans probleme.;Literie pas super confortable. Douche juste un rideau de douche, l'eau va partout...;0;VickyBelgiqueChambre Sup√©rieureJanvier 2023CoupleCommentaire envoy√© le 17 janvier 2023Sympa;Newport_Bay_Club
Vivien;Belgique;Chambre Sup√©rieure - C√¥t√© Lac;1;Janvier 2023;Couple;Commentaire envoy√© le 17 janvier 2023;Tr√®s bien plac√© mais tr√®s cher pour ce que c'est;4,0;La proximit√© avec les parcs;La qualit√© des lits, le confort de la chambre;0;VivienBelgiqueChambre Sup√©rieure - C√¥t√© LacJanvier 2023CoupleCommentaire envoy√© le 17 janvier 2023Tr√®s bien plac√© mais tr√®s cher pour ce que c'est;Newport_Bay_Club
Samantha;France;Chambre Sup√©rieure - C√¥t√© Lac;1;Janvier 2023;Famille;Commentaire envoy√© le 16 janvier 2023;Tr√®s bien;8,0;C‚Äôest juste incroyable comme dirai mon petit gar√ßon de deux an wahou ü•∞;Voir pendant 2 jours au sol plusieur plateau remplis de d√©chets et voir le personnel passer √† c√¥t√© et ne pas nettoyer.;0;SamanthaFranceChambre Sup√©rieure - C√¥t√© LacJanvier 2023FamilleCommentaire envoy√© le 16 janvier 2023Tr√®s bien;Newport_Bay_Club
Laura;Royaume-Uni;Chambre Sup√©rieure;3;Janvier 2023;Famille;Commentaire envoy√© le 16 janvier 2023;could do with updating but overall satisfied. expensive but so is everything else Disney!;6,0;;;0;LauraRoyaume-UniChambre Sup√©rieureJanvier 2023FamilleCommentaire envoy√© le 16 janvier 2023could do with updating but overall satisfied. expensive but so is everything else Disney!;Newport_Bay_Club
Misbha;Royaume-Uni;Chambre Sup√©rieure;1;Janvier 2023;Famille;Commentaire envoy√© le 16 janvier 2023;Mauvais;1,0;;;0;MisbhaRoyaume-UniChambre Sup√©rieureJanvier 2023FamilleCommentaire envoy√© le 16 janvier 2023Mauvais;Newport_Bay_Club
F√°bio;Portugal;Chambre Sup√©rieure;3;Janvier 2023;Famille;Commentaire envoy√© le 16 janvier 2023;Exceptionnel;10;;;0;F√°bioPortugalChambre Sup√©rieureJanvier 2023FamilleCommentaire envoy√© le 16 janvier 2023Exceptionnel;Newport_Bay_Club
Anonyme;France;;1;Janvier 2023;Famille;Commentaire envoy√© le 15 janvier 2023;Tr√®s bien;8,0;;;0;AnonymeFrancenanJanvier 2023FamilleCommentaire envoy√© le 15 janvier 2023Tr√®s bien;Newport_Bay_Club
Lars;Allemagne;Chambre Sup√©rieure;2;Janvier 2023;Couple;Commentaire envoy√© le 15 janvier 2023;Fabuleux ;9,0;;;0;LarsAllemagneChambre Sup√©rieureJanvier 2023CoupleCommentaire envoy√© le 15 janvier 2023Fabuleux ;Newport_Bay_Club
Fahad;Arabie saoudite;Chambre Sup√©rieure avec Terrasse;1;Novembre 2022;Famille;Commentaire envoy√© le 15 janvier 2023;ÿ≤Ÿäÿßÿ±ÿ™Ÿä ÿßŸÑÿ´ÿßŸÜŸäŸá ŸÑŸÑŸÅŸÜÿØŸÇ ÿ≥ÿßÿπŸàÿØ ÿßŸÑŸäŸá ŸÖÿ±Ÿá ÿßÿÆÿ±Ÿâ;10;;;0;FahadArabie saouditeChambre Sup√©rieure avec TerrasseNovembre 2022FamilleCommentaire envoy√© le 15 janvier 2023ÿ≤Ÿäÿßÿ±ÿ™Ÿä ÿßŸÑÿ´ÿßŸÜŸäŸá ŸÑŸÑŸÅŸÜÿØŸÇ ÿ≥ÿßÿπŸàÿØ ÿßŸÑŸäŸá ŸÖÿ±Ÿá ÿßÿÆÿ±Ÿâ;Newport_Bay_Club
Richard;France;Chambre Club Compass (2 Adultes);1;Janvier 2023;Couple;Commentaire envoy√© le 14 janvier 2023;Agr√©able;6,0;;;0;RichardFranceChambre Club Compass (2 Adultes)Janvier 2023CoupleCommentaire envoy√© le 14 janvier 2023Agr√©able;Newport_Bay_Club
Tarin;Br√©sil;Chambre Sup√©rieure;1;Janvier 2023;Famille;Commentaire envoy√© le 14 janvier 2023;Exceptionnel;10;;;0;TarinBr√©silChambre Sup√©rieureJanvier 2023FamilleCommentaire envoy√© le 14 janvier 2023Exceptionnel;Newport_Bay_Club
Cynthia;France;Chambre Sup√©rieure;1;Janvier 2023;Groupe;Commentaire envoy√© le 14 janvier 2023;Bien ;7,0;Le style et la d√©coration de l h√¥tel mais surtout l ext√©rieur et la reception;"Le standing , je pensais que les prestations auraient √©t√© sup√©rieures telles que room service et plus d accompagnement en chambres, bagagerie ..
Peut √™tre le 4* n √©tait pas assez pour mes attentes je le classerai en 3* + . Il y a beaucoup de monde qui se bousculent dans le hall et les couloirs.
Les couloirs sont interminables . Il n y a pas assez d ascenseurs pour ce nombre √©lev√©s de chambres et d √©tages mais le personnel est tellement serviables et gentils.. disons que la logistique est un peu moyenne simplement.";0;CynthiaFranceChambre Sup√©rieureJanvier 2023GroupeCommentaire envoy√© le 14 janvier 2023Bien ;Newport_Bay_Club
Gwladys;Nouvelle-Cal√©donie;Chambre Sup√©rieure;3;Janvier 2023;Famille;Commentaire envoy√© le 14 janvier 2023;personnel tr√®s √† l‚Äô√©coute, chambre propre;8,0;la proximit√© avec le par Disneyland Paris;trop brouillant;0;GwladysNouvelle-Cal√©donieChambre Sup√©rieureJanvier 2023FamilleCommentaire envoy√© le 14 janvier 2023personnel tr√®s √† l‚Äô√©coute, chambre propre;Newport_Bay_Club
Mgardies;France;Chambre Sup√©rieure;1;Janvier 2023;Famille;Commentaire envoy√© le 14 janvier 2023;Bel h√¥tel mais chambres √† moderniser;8,0;Les espaces communs beaux et propres, l'accueil du personnel de l'h√¥tel, la proximit√© du parc Disneyland;Le manque de modernit√© des chambres, des d√©fauts de finition et/ou d'entretien pour un prix qui reste √©lev√©;0;MgardiesFranceChambre Sup√©rieureJanvier 2023FamilleCommentaire envoy√© le 14 janvier 2023Bel h√¥tel mais chambres √† moderniser;Newport_Bay_Club
Jo√´l;France;Chambre Sup√©rieure - C√¥t√© Lac;2;Janvier 2023;Couple;Commentaire envoy√© le 14 janvier 2023;Tr√®s d√©√ßu par la diminution de qualit√© j‚Äôavais connu cet h√¥tel il y a 10 ans‚Ä¶‚òπÔ∏è;5,0;la literie;Accueil froid, informatique d√©fectueux, attribution de la chambre apr√®s 18h par SMS‚Ä¶‚Ä¶;0;Jo√´lFranceChambre Sup√©rieure - C√¥t√© LacJanvier 2023CoupleCommentaire envoy√© le 14 janvier 2023Tr√®s d√©√ßu par la diminution de qualit√© j‚Äôavais connu cet h√¥tel il y a 10 ans‚Ä¶‚òπÔ∏è;Newport_Bay_Club
Sebastien;France;Chambre Sup√©rieure;1;Janvier 2023;Famille;Commentaire envoy√© le 14 janvier 2023;Fabuleux ;9,0;;;0;SebastienFranceChambre Sup√©rieureJanvier 2023FamilleCommentaire envoy√© le 14 janvier 2023Fabuleux ;Newport_Bay_Club
Nathalie;Belgique;Chambre Sup√©rieure;1;Janvier 2023;Famille;Commentaire envoy√© le 13 janvier 2023;Tr√®s bien;8,0;;;0;NathalieBelgiqueChambre Sup√©rieureJanvier 2023FamilleCommentaire envoy√© le 13 janvier 2023Tr√®s bien;Newport_Bay_Club
Morgane;France;Chambre Sup√©rieure;1;Janvier 2023;Famille;Commentaire envoy√© le 13 janvier 2023;Tr√®s bien;8,0;;;0;MorganeFranceChambre Sup√©rieureJanvier 2023FamilleCommentaire envoy√© le 13 janvier 2023Tr√®s bien;Newport_Bay_Club
Sharon;Isra√´l;Chambre Sup√©rieure;2;D√©cembre 2022;Famille;Commentaire envoy√© le 13 janvier 2023;Bien ;7,0;;;0;SharonIsra√´lChambre Sup√©rieureD√©cembre 2022FamilleCommentaire envoy√© le 13 janvier 2023Bien ;Newport_Bay_Club
Annalisa;Italie;Chambre Sup√©rieure;1;Janvier 2023;Couple;Commentaire envoy√© le 13 janvier 2023;Bien ;7,0;;;0;AnnalisaItalieChambre Sup√©rieureJanvier 2023CoupleCommentaire envoy√© le 13 janvier 2023Bien ;Newport_Bay_Club
Deborah;Isra√´l;Chambre Sup√©rieure;1;Janvier 2023;Famille;Commentaire envoy√© le 13 janvier 2023;Exceptionnel;10;magnifique;serviette tr√®s r√™che et baignoire boucher;0;DeborahIsra√´lChambre Sup√©rieureJanvier 2023FamilleCommentaire envoy√© le 13 janvier 2023Exceptionnel;Newport_Bay_Club
Sally;Royaume-Uni;Chambre Sup√©rieure;2;Janvier 2023;Famille;Commentaire envoy√© le 13 janvier 2023;our room wasn‚Äôt that good and it was cold not worth the money;3,0;;;0;SallyRoyaume-UniChambre Sup√©rieureJanvier 2023FamilleCommentaire envoy√© le 13 janvier 2023our room wasn‚Äôt that good and it was cold not worth the money;Newport_Bay_Club
Laura;France;Chambre Sup√©rieure;1;Janvier 2023;Groupe;Commentaire envoy√© le 12 janvier 2023;Notre s√©jour √©tait bien;9,0;Nous avions une tr√®s jolie chambre avec un balcon et une vue sur le parc Walt Disney studio ainsi que le parc Disneyland. L‚Äôh√¥tel est pr√™t des parcs et de la vall√©e village.;Les agents de s√©curit√© √† l‚Äôentr√©e de l‚Äôh√¥tel sont tous adorable. En revanche le personnel de l‚Äôh√¥tel c‚Äôest une autres choses‚Ä¶ nous avons l‚Äôimpression de les d√©ranger‚Ä¶ Choses probl√©matiques quand il faut s‚Äôenregistrer nous n‚Äôavons d‚Äôautre choix que demander afin d‚Äôavoir nos magic pass pour la chambre etc‚Ä¶ puis √† chaque fois que nous croisions le personnel durant notre s√©jour instinctivement nous disions bonjour (ce qui est pour moi la base) mais personne ne nous r√©pondait‚Ä¶ tous dans le ¬´ Speed ¬ª ou le m√©contentement de travailler !;0;LauraFranceChambre Sup√©rieureJanvier 2023GroupeCommentaire envoy√© le 12 janvier 2023Notre s√©jour √©tait bien;Newport_Bay_Club
Niccol√≤;Italie;Chambre Sup√©rieure;2;Janvier 2023;Famille;Commentaire envoy√© le 12 janvier 2023;Agr√©able;6,0;;;0;Niccol√≤ItalieChambre Sup√©rieureJanvier 2023FamilleCommentaire envoy√© le 12 janvier 2023Agr√©able;Newport_Bay_Club
Vera;France;Chambre Sup√©rieure;1;Janvier 2023;Famille;Commentaire envoy√© le 12 janvier 2023;Tr√®s bien;8,0;;;0;VeraFranceChambre Sup√©rieureJanvier 2023FamilleCommentaire envoy√© le 12 janvier 2023Tr√®s bien;Newport_Bay_Club
Brian;√âtats-Unis;Chambre Sup√©rieure - C√¥t√© Lac;3;Janvier 2023;Famille;Commentaire envoy√© le 12 janvier 2023;Unfortunately not worth what you pay;3,0;;;0;Brian√âtats-UnisChambre Sup√©rieure - C√¥t√© LacJanvier 2023FamilleCommentaire envoy√© le 12 janvier 2023Unfortunately not worth what you pay;Newport_Bay_Club
Jieyang;Royaume-Uni;Chambre Sup√©rieure;1;Janvier 2023;Voyageur individuel;Commentaire envoy√© le 11 janvier 2023;Bien ;7,0;;;0;JieyangRoyaume-UniChambre Sup√©rieureJanvier 2023Voyageur individuelCommentaire envoy√© le 11 janvier 2023Bien ;Newport_Bay_Club
Nermin;Belgique;Chambre Sup√©rieure;1;Janvier 2023;Famille;Commentaire envoy√© le 11 janvier 2023;magique magnifique;9,0;tous;;0;NerminBelgiqueChambre Sup√©rieureJanvier 2023FamilleCommentaire envoy√© le 11 janvier 2023magique magnifique;Newport_Bay_Club
Teresa;Royaume-Uni;Chambre Sup√©rieure;3;Janvier 2023;Famille;Commentaire envoy√© le 11 janvier 2023;Tr√®s bien;8,0;;;0;TeresaRoyaume-UniChambre Sup√©rieureJanvier 2023FamilleCommentaire envoy√© le 11 janvier 2023Tr√®s bien;Newport_Bay_Club
Angela;Allemagne;Chambre Sup√©rieure;2;Janvier 2023;Groupe;Commentaire envoy√© le 11 janvier 2023;Sch√∂nes Hotel, mit guter Lage, aber schlechtem Kundenservice.;3,0;;;0;AngelaAllemagneChambre Sup√©rieureJanvier 2023GroupeCommentaire envoy√© le 11 janvier 2023Sch√∂nes Hotel, mit guter Lage, aber schlechtem Kundenservice.;Newport_Bay_Club
Bruno;France;Chambre Sup√©rieure;1;D√©cembre 2022;Famille;Commentaire envoy√© le 11 janvier 2023;Tr√®s bien;8,0;;;0;BrunoFranceChambre Sup√©rieureD√©cembre 2022FamilleCommentaire envoy√© le 11 janvier 2023Tr√®s bien;Newport_Bay_Club
Dorien;Belgique;Chambre Sup√©rieure;2;Janvier 2023;Famille;Commentaire envoy√© le 10 janvier 2023;Exceptionnel;10;;;0;DorienBelgiqueChambre Sup√©rieureJanvier 2023FamilleCommentaire envoy√© le 10 janvier 2023Exceptionnel;Newport_Bay_Club
Jacqui;Royaume-Uni;Chambre Sup√©rieure;4;Janvier 2023;Famille;Commentaire envoy√© le 10 janvier 2023;Exceptionnel;10;;;0;JacquiRoyaume-UniChambre Sup√©rieureJanvier 2023FamilleCommentaire envoy√© le 10 janvier 2023Exceptionnel;Newport_Bay_Club
Daphn√©;France;Chambre Sup√©rieure;1;Janvier 2023;Groupe;Commentaire envoy√© le 10 janvier 2023;Un r√™ve √©veill√©.;10;J‚Äôai tout appr√©ci√©, le s√©jour √©tait exceptionnel.;Le prix est assez cons√©quent.;0;Daphn√©FranceChambre Sup√©rieureJanvier 2023GroupeCommentaire envoy√© le 10 janvier 2023Un r√™ve √©veill√©.;Newport_Bay_Club
Lucien;France;Chambre Sup√©rieure - C√¥t√© Lac;1;Janvier 2023;Famille;Commentaire envoy√© le 10 janvier 2023;A faire;8,0;H√¥tel tr√®s jolie, personnel agr√©able, super vue de la chambre.;"Chambre pas tr√®s propre (chaussette d'autres personnes sous le lit et chips par terre).
Manque des joints dans la douche qui fuit de partout.
Petit d√©jeuner vraiment trop ch√®re pour les enfants de 10 et 5 ans (qui ne mange presque rien).";1 ;LucienFranceChambre Sup√©rieure - C√¥t√© LacJanvier 2023FamilleCommentaire envoy√© le 10 janvier 2023A faire;Newport_Bay_Club
Stella;France;Chambre Sup√©rieure - C√¥t√© Lac;1;Janvier 2023;Famille;Commentaire envoy√© le 10 janvier 2023;d√©√ßue car j‚Äôavais demand√© une petite attention car le s√©jour √©tait pour l‚Äôanniversaire de notre fils est : RIEN pas m√™me;7,0;"l‚Äôaccueil √©tait parfait 
la d√©coration √©galement";"l‚Äôemplacement de la chambre. nous √©tions certes c√¥t√© lac mais √† l‚Äôextr√©mit√© de l‚Äôaile c√¥t√© piscine derri√®re des sapins qui nous ne donne aucune vue!
pas tr√®s cool !";0;StellaFranceChambre Sup√©rieure - C√¥t√© LacJanvier 2023FamilleCommentaire envoy√© le 10 janvier 2023d√©√ßue car j‚Äôavais demand√© une petite attention car le s√©jour √©tait pour l‚Äôanniversaire de notre fils est : RIEN pas m√™me;Newport_Bay_Club
Simone;Australie;Chambre Sup√©rieure - C√¥t√© Lac;3;Janvier 2023;Famille;Commentaire envoy√© le 10 janvier 2023;Mauvais;1,0;;;0;SimoneAustralieChambre Sup√©rieure - C√¥t√© LacJanvier 2023FamilleCommentaire envoy√© le 10 janvier 2023Mauvais;Newport_Bay_Club
Telmo;Suisse;Chambre Sup√©rieure - C√¥t√© Lac;1;Janvier 2023;Couple;Commentaire envoy√© le 9 janvier 2023;D√©cevant;4,0;;;0;TelmoSuisseChambre Sup√©rieure - C√¥t√© LacJanvier 2023CoupleCommentaire envoy√© le 9 janvier 2023D√©cevant;Newport_Bay_Club
Gatosg;Gr√®ce;Chambre Sup√©rieure - C√¥t√© Lac;3;Janvier 2023;Famille;Commentaire envoy√© le 9 janvier 2023;Exceptionnel;10;;;0;GatosgGr√®ceChambre Sup√©rieure - C√¥t√© LacJanvier 2023FamilleCommentaire envoy√© le 9 janvier 2023Exceptionnel;Newport_Bay_Club
Noura;Kowe√Øt;Chambre Sup√©rieure;3;Janvier 2023;Famille;Commentaire envoy√© le 9 janvier 2023;the room was not clean well the stuff welcomed wasn‚Äôt great;4,0;;;0;NouraKowe√ØtChambre Sup√©rieureJanvier 2023FamilleCommentaire envoy√© le 9 janvier 2023the room was not clean well the stuff welcomed wasn‚Äôt great;Newport_Bay_Club
Dauchat;Belgique;Chambre Sup√©rieure;1;Janvier 2023;Groupe;Commentaire envoy√© le 9 janvier 2023;Tr√®s bien;8,0;;;0;DauchatBelgiqueChambre Sup√©rieureJanvier 2023GroupeCommentaire envoy√© le 9 janvier 2023Tr√®s bien;Newport_Bay_Club
Mauro;Italie;Chambre Sup√©rieure - C√¥t√© Lac;2;Janvier 2023;Famille;Commentaire envoy√© le 9 janvier 2023;Exceptionnel;10;;;0;MauroItalieChambre Sup√©rieure - C√¥t√© LacJanvier 2023FamilleCommentaire envoy√© le 9 janvier 2023Exceptionnel;Newport_Bay_Club
Jean-marc;France;Chambre Sup√©rieure;2;Janvier 2023;Couple;Commentaire envoy√© le 8 janvier 2023;Exceptionnel;10;;;0;Jean-marcFranceChambre Sup√©rieureJanvier 2023CoupleCommentaire envoy√© le 8 janvier 2023Exceptionnel;Newport_Bay_Club
Jose;Br√©sil;Chambre Sup√©rieure;3;Janvier 2023;Famille;Commentaire envoy√© le 8 janvier 2023;J√° ficamos em outros hot√©is da Disney, esse nao compensa o custo benef√≠cio pela desorganiza√ß√£o e a multid√£o de gente que;4,0;;;0;JoseBr√©silChambre Sup√©rieureJanvier 2023FamilleCommentaire envoy√© le 8 janvier 2023J√° ficamos em outros hot√©is da Disney, esse nao compensa o custo benef√≠cio pela desorganiza√ß√£o e a multid√£o de gente que;Newport_Bay_Club
Marco;Italie;Chambre Sup√©rieure;1;Janvier 2023;Famille;Commentaire envoy√© le 7 janvier 2023;Delusione;5,0;;;0;MarcoItalieChambre Sup√©rieureJanvier 2023FamilleCommentaire envoy√© le 7 janvier 2023Delusione;Newport_Bay_Club
Sadeka;Isra√´l;Chambre Sup√©rieure;1;Janvier 2023;Famille;Commentaire envoy√© le 7 janvier 2023;Exceptionnel;10;;;0;SadekaIsra√´lChambre Sup√©rieureJanvier 2023FamilleCommentaire envoy√© le 7 janvier 2023Exceptionnel;Newport_Bay_Club
Paula;Australie;Chambre Sup√©rieure;2;Janvier 2023;Famille;Commentaire envoy√© le 7 janvier 2023;Tr√®s bien;8,0;;;0;PaulaAustralieChambre Sup√©rieureJanvier 2023FamilleCommentaire envoy√© le 7 janvier 2023Tr√®s bien;Newport_Bay_Club
Amin;Isra√´l;Chambre Sup√©rieure;3;Janvier 2023;Famille;Commentaire envoy√© le 6 janvier 2023;Agr√©able;6,0;;;0;AminIsra√´lChambre Sup√©rieureJanvier 2023FamilleCommentaire envoy√© le 6 janvier 2023Agr√©able;Newport_Bay_Club
Makiko;Japon;Chambre Sup√©rieure;1;D√©cembre 2022;Famille;Commentaire envoy√© le 6 janvier 2023;ÊñΩË®≠„É™„Éã„É•„Éº„Ç¢„É´ÂøÖË¶Å;5,0;;;0;MakikoJaponChambre Sup√©rieureD√©cembre 2022FamilleCommentaire envoy√© le 6 janvier 2023ÊñΩË®≠„É™„Éã„É•„Éº„Ç¢„É´ÂøÖË¶Å;Newport_Bay_Club
Â±±‰∏ã;France;Chambre Sup√©rieure;1;Janvier 2023;Famille;Commentaire envoy√© le 6 janvier 2023;Tr√®s bien;8,0;;;0;Â±±‰∏ãFranceChambre Sup√©rieureJanvier 2023FamilleCommentaire envoy√© le 6 janvier 2023Tr√®s bien;Newport_Bay_Club
Natalia;Espagne;Chambre Sup√©rieure - C√¥t√© Lac;1;Janvier 2023;Famille;Commentaire envoy√© le 6 janvier 2023;Tr√®s bien;8,0;;;0;NataliaEspagneChambre Sup√©rieure - C√¥t√© LacJanvier 2023FamilleCommentaire envoy√© le 6 janvier 2023Tr√®s bien;Newport_Bay_Club
Ludivine;France;Chambre Sup√©rieure;1;Janvier 2023;Famille;Commentaire envoy√© le 6 janvier 2023;bien mais sans plus;5,0;d√©cor;pas tr√®s propre bouteille d eau dans les couloirs et assiettes et tapis sales;0;LudivineFranceChambre Sup√©rieureJanvier 2023FamilleCommentaire envoy√© le 6 janvier 2023bien mais sans plus;Newport_Bay_Club
Robin;Belgique;Chambre Sup√©rieure;1;Janvier 2023;Couple;Commentaire envoy√© le 6 janvier 2023;Fabuleux ;9,0;;;0;RobinBelgiqueChambre Sup√©rieureJanvier 2023CoupleCommentaire envoy√© le 6 janvier 2023Fabuleux ;Newport_Bay_Club
Nathalie;France;Chambre Sup√©rieure;2;D√©cembre 2022;Famille;Commentaire envoy√© le 5 janvier 2023;super mais le prix de l h√¥tel est trop important alors qu il est vieillissant;7,0;le buffet. la localisation;propret√©;1 ;NathalieFranceChambre Sup√©rieureD√©cembre 2022FamilleCommentaire envoy√© le 5 janvier 2023super mais le prix de l h√¥tel est trop important alors qu il est vieillissant;Newport_Bay_Club
John;Malte;Chambre Sup√©rieure;1;D√©cembre 2022;Famille;Commentaire envoy√© le 5 janvier 2023;Bien ;7,0;;;0;JohnMalteChambre Sup√©rieureD√©cembre 2022FamilleCommentaire envoy√© le 5 janvier 2023Bien ;Newport_Bay_Club
Jeffrey;Allemagne;Chambre Sup√©rieure;1;Octobre 2022;Famille;Commentaire envoy√© le 5 janvier 2023;Exceptionnel;10;;;0;JeffreyAllemagneChambre Sup√©rieureOctobre 2022FamilleCommentaire envoy√© le 5 janvier 2023Exceptionnel;Newport_Bay_Club
Centa;Belgique;Chambre Sup√©rieure;2;Janvier 2023;Famille;Commentaire envoy√© le 5 janvier 2023;Exceptionnel;10;;;0;CentaBelgiqueChambre Sup√©rieureJanvier 2023FamilleCommentaire envoy√© le 5 janvier 2023Exceptionnel;Newport_Bay_Club
Anonyme;France;;1;Janvier 2023;Famille;Commentaire envoy√© le 4 janvier 2023;magique;10;toroi bien;;0;AnonymeFrancenanJanvier 2023FamilleCommentaire envoy√© le 4 janvier 2023magique;Newport_Bay_Club
Karim;Maroc;Chambre Sup√©rieure;1;Octobre 2022;Famille;Commentaire envoy√© le 3 janvier 2023;Fabuleux ;9,0;;;0;KarimMarocChambre Sup√©rieureOctobre 2022FamilleCommentaire envoy√© le 3 janvier 2023Fabuleux ;Newport_Bay_Club
